<?xml version="1.0"?><extension version="1.7" type="template" method="upgrade"><name>theme--70014</name><version>1.0</version><creationDate>01/05/2021 00:00:00</creationDate><author>TemplateToaster</author><authorUrl>http://TemplateToaster.com</authorUrl><copyright>Copyright 2012http://templatetoaster.comAll Rights Reserved.</copyright><license>GNU/GPL</license><description>Theme Description</description><files><filename>index.php</filename><filename>error.php</filename><filename>template_thumbnail.png</filename><filename>template_preview.png</filename><filename>logo.png</filename><filename>params.ini</filename><filename>templateDetails.xml</filename><filename>component.php</filename><folder>css</folder><folder>html</folder><folder>js</folder><folder>images</folder><folder>language</folder></files><positions><position>xyz</position><position>HBxyz01</position><position>HBxyz02</position><position>HBxyz03</position><position>HAxyz00</position><position>HAxyz01</position><position>HAxyz02</position><position>HAxyz03</position><position>SBxyz00</position><position>SBxyz01</position><position>SBxyz02</position><position>SBxyz03</position><position>SAxyz00</position><position>SAxyz01</position><position>SAxyz02</position><position>SAxyz03</position><position>slideshowshape01</position><position>slideshowshape11</position><position>slideshowshape21</position><position>MBxyz00</position><position>MBxyz01</position><position>MBxyz02</position><position>MBxyz03</position><position>MAxyz00</position><position>MAxyz01</position><position>MAxyz02</position><position>MAxyz03</position><position>CAxyz00</position><position>CAxyz01</position><position>CAxyz02</position><position>CAxyz03</position><position>CBxyz00</position><position>CBxyz01</position><position>CBxyz02</position><position>CBxyz03</position><position>Menu</position><position>FAxyz00</position><position>FAxyz01</position><position>FAxyz02</position><position>FAxyz03</position><position>FBxyz00</position><position>FBxyz01</position><position>FBxyz02</position><position>FBxyz03</position><position>abc0</position><position>abc1</position><position>abc2</position><position>abc3</position><position>LeftFooterArea</position><position>CenterFooterArea</position><position>RightFooterArea</position></positions><params><param name="show_effects" type="radio" default="1" label="Show mootools effects" description="Enable/Disable the use of rich javascript effect on the site"><option value="0">No</option><option value="1">Yes</option></param><param name="modules_start" type="list" default="open" label="Modules State" description="When effect enabled choose if the modules slides should start open or closed"><option value="open">Open</option><option value="close">Close</option></param></params><config><fields name="params"><fieldset name="header" label="Header Options"><field name="header_background" type="media" label="Change Header Background Image" description="Change Header background Image" /><field name="header_horizontal_alignment" type="list" default="Center" label="Horizontal Alignment" showon="header_background!:"><option value="Left">Left</option><option value="Center">Center</option><option value="Right">Right</option></field><field name="header_vertical_alignment" type="list" default="Center" label="Vertical Alignment" showon="header_background!:"><option value="Top">Top</option><option value="Center">Center</option><option value="Bottom">Bottom</option></field><field name="header_stretch" type="list" default="Fill" label="Stretch" showon="header_background!:"><option value="None">None</option><option value="Fill">Fill</option><option value="Uniform">Uniform</option><option value="Uniformtofill">Uniform to fill</option></field><field name="enable_site_Title" type="radio" class="btn-group btn-group-yesno" default="0" label="Display Site Title" description="Display Site Title"><option value="1">Show</option><option value="0">Hide</option></field><field name="Site_Title" type="text" default="Website Title" label="Site Title" description="Change Site Title" /><field name="Site_Title_FontSize" type="text" default="28" label="Site Title Font Size" description="Change Site Title Font Size" /><field name="Site_Title_Heading_Tag" type="headertag" default="h1" label="Heading Tag For Title" description="Change Site Title Heading Tag" /><field name="enable_site_slogan" type="radio" class="btn-group btn-group-yesno" default="0" label="Display Site Slogan" description="Turn On/Off the Site Slogan"><option value="1">Show</option><option value="0">Hide</option></field><field name="Site_Slogan" type="text" default="Website Slogan" label="Site Slogan" description="Change Site Slogan" /><field name="Site_Slogan_FontSize" type="text" default="16" label="Site Slogan Font Size" description="Change Site Slogan Font Size" /><field name="Site_Slogan_Heading_Tag" type="headertag" default="span" label="Heading Tag For Slogan" description="Change Site Slogan Heading Tag" /><field name="enable_site_logo" type="radio" class="btn-group btn-group-yesno" default="1" label="Display Site Logo" description="Show/Hide the Site Logo"><option value="1">Show</option><option value="0">Hide</option></field><field name="enable_site_logo_link" type="radio" class="btn-group btn-group-yesno" default="1" label="Display Site Logo Link" description="Show/Hide the Site Logo Link"><option value="1">Show</option><option value="0">Hide</option></field><field name="site_logo_Image" type="media" label="Header Logo" description="Change Header Logo" /><field name="site_logo_navigation" type="text" label="Change header logo Navigation" description="Change Header Logo navigation link" default="" /></fieldset><fieldset name="Slideshow" label="Slideshow Options"><field name="slideshow_image_0" type="media" label="Slideshow Image 1" description="change Slideshow Image" /><field name="horizontal_align0" type="list" default="center" label="Horizontal Alignment" description="Set Horizontal Alignment" showon="slideshow_image_0!:"><option value="Left">Left</option><option value="Center">Center</option><option value="Right">Right</option></field><field name="vertical_align0" type="list" default="center" label="Vertical Alignment" description="Set Vertical Alignment" showon="slideshow_image_0!:"><option value="Top">Top</option><option value="Center">Center</option><option value="Bottom">Bottom</option></field><field name="stretch0" type="list" default="Fill" label="Stretch" description="Stretch" showon="slideshow_image_0!:"><option value="None">None</option><option value="Fill">Fill</option><option value="Uniform">Uniform</option><option value="Uniform to fill">Uniform to fill</option></field><field name="slideshow_image_1" type="media" label="Slideshow Image 2" description="change Slideshow Image" /><field name="horizontal_align1" type="list" default="center" label="Horizontal Alignment" description="Set Horizontal Alignment" showon="slideshow_image_1!:"><option value="Left">Left</option><option value="Center">Center</option><option value="Right">Right</option></field><field name="vertical_align1" type="list" default="center" label="Vertical Alignment" description="Set Vertical Alignment" showon="slideshow_image_1!:"><option value="Top">Top</option><option value="Center">Center</option><option value="Bottom">Bottom</option></field><field name="stretch1" type="list" default="Fill" label="Stretch" description="Stretch" showon="slideshow_image_1!:"><option value="None">None</option><option value="Fill">Fill</option><option value="Uniform">Uniform</option><option value="Uniform to fill">Uniform to fill</option></field><field name="slideshow_image_2" type="media" label="Slideshow Image 3" description="change Slideshow Image" /><field name="horizontal_align2" type="list" default="center" label="Horizontal Alignment" description="Set Horizontal Alignment" showon="slideshow_image_2!:"><option value="Left">Left</option><option value="Center">Center</option><option value="Right">Right</option></field><field name="vertical_align2" type="list" default="center" label="Vertical Alignment" description="Set Vertical Alignment" showon="slideshow_image_2!:"><option value="Top">Top</option><option value="Center">Center</option><option value="Bottom">Bottom</option></field><field name="stretch2" type="list" default="Fill" label="Stretch" description="Stretch" showon="slideshow_image_2!:"><option value="None">None</option><option value="Fill">Fill</option><option value="Uniform">Uniform</option><option value="Uniform to fill">Uniform to fill</option></field><field name="enable_slide" type="radio" default="1" label="Show Slideshow" description="show/hide slideshow"><option value="0">Only On Home Page</option><option value="1">On Every Page</option></field></fieldset><fieldset name="footer" label="Footer Options"><field name="enable_Designed_By" type="radio" class="btn-group btn-group-yesno" default="1" label="Display Footer Designed By" description="Display Footer Designed By"><option value="1">Show</option><option value="0">Hide</option></field><field name="Designed_By" type="textarea" default="http://templatetoaster.com" label="Footer Designed By Url" description="Change Footer Designed By Url" /><field name="Designed_By_Link_FontSize" type="text" default="12" label="Footer Designed By Link Font Size" description="Change Designed By Link Font Size" /><field name="Designed_By_FontSize" type="text" default="12" label="Footer Designed By Font Size" description="Change Designed By Font Size" /></fieldset><fieldset name="coloroptions" label="Color Options"><field name="footer_designed_by_color" type="color" default="#FFFFFF" label="Footer Designed By Color" description="Change The Color of 'Footer Designed By' Text" /><field name="footer_designed_by_link_color" type="color" default="#FFFFFF" label="Footer Designed By Link Color" description="Change The Color Of Footer Designed By Link" /></fieldset><fieldset name="SideBar" label="Sidebar Options"><field name="sidebar_menu_font_size" type="text" default="14" label="Sidebar Menu Heading Font Size" description="Change Sidebar Menu Heading Font Size" /><field name="sidebar_menu_heading_tag" type="headertag" default="h3" label="Sidebar Menu Heading Tag" description="Change Sidebar Menu Heading Tag" /><field name="block_heading_font_size" type="text" default="14" label="Block Heading Font Size" description="Change Block Heading Font Size" /><field name="heading_tag_block" type="headertag" default="h3" label="Heading Tag for Block Heading" description="Change Heading Tag for Block Heading" /></fieldset><fieldset name="style_options" label="Style Options"><field name="custom_css" type="textarea" default="" label="Custom Css" description="Add Custom Css" /><field name="enable_read_more_button" type="radio" class="btn-group btn-group-yesno" default="1" label="Display Read More Button" description="Show/Hide Read More Button"><option value="1">Show</option><option value="0">Hide</option></field><field name="mbxyz00" type="list" default="block" label="MBxyz00 Position Style"><option value="block">TT Default</option><option value="none">None</option></field><field name="mbxyz01" type="list" default="block" label="MBxyz01 Position Style"><option value="block">TT Default</option><option value="none">None</option></field><field name="mbxyz02" type="list" default="block" label="MBxyz02 Position Style"><option value="block">TT Default</option><option value="none">None</option></field><field name="mbxyz03" type="list" default="block" label="MBxyz03 Position Style"><option value="block">TT Default</option><option value="none">None</option></field><field name="maxyz00" type="list" default="block" label="MAxyz00 Position Style"><option value="block">TT Default</option><option value="none">None</option></field><field name="maxyz01" type="list" default="block" label="MAxyz01 Position Style"><option value="block">TT Default</option><option value="none">None</option></field><field name="maxyz02" type="list" default="block" label="MAxyz02 Position Style"><option value="block">TT Default</option><option value="none">None</option></field><field name="maxyz03" type="list" default="block" label="MAxyz03 Position Style"><option value="block">TT Default</option><option value="none">None</option></field><field name="xyz" type="list" default="block" label="xyz Position Style"><option value="block">TT Default</option><option value="none">None</option></field><field name="hbxyz01" type="list" default="block" label="HBxyz01 Position Style"><option value="block">TT Default</option><option value="none">None</option></field><field name="hbxyz02" type="list" default="block" label="HBxyz02 Position Style"><option value="block">TT Default</option><option value="none">None</option></field><field name="hbxyz03" type="list" default="block" label="HBxyz03 Position Style"><option value="block">TT Default</option><option value="none">None</option></field><field name="haxyz00" type="list" default="block" label="HAxyz00 Position Style"><option value="block">TT Default</option><option value="none">None</option></field><field name="haxyz01" type="list" default="block" label="HAxyz01 Position Style"><option value="block">TT Default</option><option value="none">None</option></field><field name="haxyz02" type="list" default="block" label="HAxyz02 Position Style"><option value="block">TT Default</option><option value="none">None</option></field><field name="haxyz03" type="list" default="block" label="HAxyz03 Position Style"><option value="block">TT Default</option><option value="none">None</option></field><field name="sbxyz00" type="list" default="block" label="SBxyz00 Position Style"><option value="block">TT Default</option><option value="none">None</option></field><field name="sbxyz01" type="list" default="block" label="SBxyz01 Position Style"><option value="block">TT Default</option><option value="none">None</option></field><field name="sbxyz02" type="list" default="block" label="SBxyz02 Position Style"><option value="block">TT Default</option><option value="none">None</option></field><field name="sbxyz03" type="list" default="block" label="SBxyz03 Position Style"><option value="block">TT Default</option><option value="none">None</option></field><field name="saxyz00" type="list" default="block" label="SAxyz00 Position Style"><option value="block">TT Default</option><option value="none">None</option></field><field name="saxyz01" type="list" default="block" label="SAxyz01 Position Style"><option value="block">TT Default</option><option value="none">None</option></field><field name="saxyz02" type="list" default="block" label="SAxyz02 Position Style"><option value="block">TT Default</option><option value="none">None</option></field><field name="saxyz03" type="list" default="block" label="SAxyz03 Position Style"><option value="block">TT Default</option><option value="none">None</option></field><field name="caxyz00" type="list" default="block" label="CAxyz00 Position Style"><option value="block">TT Default</option><option value="none">None</option></field><field name="caxyz01" type="list" default="block" label="CAxyz01 Position Style"><option value="block">TT Default</option><option value="none">None</option></field><field name="caxyz02" type="list" default="block" label="CAxyz02 Position Style"><option value="block">TT Default</option><option value="none">None</option></field><field name="caxyz03" type="list" default="block" label="CAxyz03 Position Style"><option value="block">TT Default</option><option value="none">None</option></field><field name="cbxyz00" type="list" default="block" label="CBxyz00 Position Style"><option value="block">TT Default</option><option value="none">None</option></field><field name="cbxyz01" type="list" default="block" label="CBxyz01 Position Style"><option value="block">TT Default</option><option value="none">None</option></field><field name="cbxyz02" type="list" default="block" label="CBxyz02 Position Style"><option value="block">TT Default</option><option value="none">None</option></field><field name="cbxyz03" type="list" default="block" label="CBxyz03 Position Style"><option value="block">TT Default</option><option value="none">None</option></field><field name="menu" type="list" default="block" label="Menu Position Style"><option value="block">TT Default</option><option value="none">None</option></field><field name="faxyz00" type="list" default="block" label="FAxyz00 Position Style"><option value="block">TT Default</option><option value="none">None</option></field><field name="faxyz01" type="list" default="block" label="FAxyz01 Position Style"><option value="block">TT Default</option><option value="none">None</option></field><field name="faxyz02" type="list" default="block" label="FAxyz02 Position Style"><option value="block">TT Default</option><option value="none">None</option></field><field name="faxyz03" type="list" default="block" label="FAxyz03 Position Style"><option value="block">TT Default</option><option value="none">None</option></field><field name="fbxyz00" type="list" default="block" label="FBxyz00 Position Style"><option value="block">TT Default</option><option value="none">None</option></field><field name="fbxyz01" type="list" default="block" label="FBxyz01 Position Style"><option value="block">TT Default</option><option value="none">None</option></field><field name="fbxyz02" type="list" default="block" label="FBxyz02 Position Style"><option value="block">TT Default</option><option value="none">None</option></field><field name="fbxyz03" type="list" default="block" label="FBxyz03 Position Style"><option value="block">TT Default</option><option value="none">None</option></field><field name="leftfooterarea" type="list" default="block" label="LeftFooterArea Position Style"><option value="block">TT Default</option><option value="none">None</option></field><field name="centerfooterarea" type="list" default="block" label="CenterFooterArea Position Style"><option value="block">TT Default</option><option value="none">None</option></field><field name="rightfooterarea" type="list" default="block" label="RightFooterArea Position Style"><option value="block">TT Default</option><option value="none">None</option></field><field name="debug" type="list" default="block" label="Debug Position Style"><option value="block">TT Default</option><option value="none">None</option></field></fieldset><fieldset name="menu_style_options" label="Menu Style Options"><field name="enable_click_on_menu" type="hidden" default="h_menu_hover" label="Enable menu"><option value="h_menu_click">Click</option><option value="h_menu_hover">Hover</option></field><field name="enable_click_on_sidebar_menu" type="hidden" default="v_menu_hover" label="Enable  vertical menu"><option value="v_menu_click">Click</option><option value="v_menu_hover">Hover</option></field><field name="mbxyz00ms" type="list" default="h_menu" label="MBxyz00 Menu Style"><option value="h_menu">Horizontal</option><option value="v_menu">Vertical</option></field><field name="mbxyz01ms" type="list" default="h_menu" label="MBxyz01 Menu Style"><option value="h_menu">Horizontal</option><option value="v_menu">Vertical</option></field><field name="mbxyz02ms" type="list" default="h_menu" label="MBxyz02 Menu Style"><option value="h_menu">Horizontal</option><option value="v_menu">Vertical</option></field><field name="mbxyz03ms" type="list" default="h_menu" label="MBxyz03 Menu Style"><option value="h_menu">Horizontal</option><option value="v_menu">Vertical</option></field><field name="maxyz00ms" type="list" default="h_menu" label="MAxyz00 Menu Style"><option value="h_menu">Horizontal</option><option value="v_menu">Vertical</option></field><field name="maxyz01ms" type="list" default="h_menu" label="MAxyz01 Menu Style"><option value="h_menu">Horizontal</option><option value="v_menu">Vertical</option></field><field name="maxyz02ms" type="list" default="h_menu" label="MAxyz02 Menu Style"><option value="h_menu">Horizontal</option><option value="v_menu">Vertical</option></field><field name="maxyz03ms" type="list" default="h_menu" label="MAxyz03 Menu Style"><option value="h_menu">Horizontal</option><option value="v_menu">Vertical</option></field><field name="xyzms" type="list" default="h_menu" label="xyz Menu Style"><option value="h_menu">Horizontal</option><option value="v_menu">Vertical</option></field><field name="hbxyz01ms" type="list" default="h_menu" label="HBxyz01 Menu Style"><option value="h_menu">Horizontal</option><option value="v_menu">Vertical</option></field><field name="hbxyz02ms" type="list" default="h_menu" label="HBxyz02 Menu Style"><option value="h_menu">Horizontal</option><option value="v_menu">Vertical</option></field><field name="hbxyz03ms" type="list" default="h_menu" label="HBxyz03 Menu Style"><option value="h_menu">Horizontal</option><option value="v_menu">Vertical</option></field><field name="haxyz00ms" type="list" default="h_menu" label="HAxyz00 Menu Style"><option value="h_menu">Horizontal</option><option value="v_menu">Vertical</option></field><field name="haxyz01ms" type="list" default="h_menu" label="HAxyz01 Menu Style"><option value="h_menu">Horizontal</option><option value="v_menu">Vertical</option></field><field name="haxyz02ms" type="list" default="h_menu" label="HAxyz02 Menu Style"><option value="h_menu">Horizontal</option><option value="v_menu">Vertical</option></field><field name="haxyz03ms" type="list" default="h_menu" label="HAxyz03 Menu Style"><option value="h_menu">Horizontal</option><option value="v_menu">Vertical</option></field><field name="sbxyz00ms" type="list" default="h_menu" label="SBxyz00 Menu Style"><option value="h_menu">Horizontal</option><option value="v_menu">Vertical</option></field><field name="sbxyz01ms" type="list" default="h_menu" label="SBxyz01 Menu Style"><option value="h_menu">Horizontal</option><option value="v_menu">Vertical</option></field><field name="sbxyz02ms" type="list" default="h_menu" label="SBxyz02 Menu Style"><option value="h_menu">Horizontal</option><option value="v_menu">Vertical</option></field><field name="sbxyz03ms" type="list" default="h_menu" label="SBxyz03 Menu Style"><option value="h_menu">Horizontal</option><option value="v_menu">Vertical</option></field><field name="saxyz00ms" type="list" default="h_menu" label="SAxyz00 Menu Style"><option value="h_menu">Horizontal</option><option value="v_menu">Vertical</option></field><field name="saxyz01ms" type="list" default="h_menu" label="SAxyz01 Menu Style"><option value="h_menu">Horizontal</option><option value="v_menu">Vertical</option></field><field name="saxyz02ms" type="list" default="h_menu" label="SAxyz02 Menu Style"><option value="h_menu">Horizontal</option><option value="v_menu">Vertical</option></field><field name="saxyz03ms" type="list" default="h_menu" label="SAxyz03 Menu Style"><option value="h_menu">Horizontal</option><option value="v_menu">Vertical</option></field><field name="caxyz00ms" type="list" default="h_menu" label="CAxyz00 Menu Style"><option value="h_menu">Horizontal</option><option value="v_menu">Vertical</option></field><field name="caxyz01ms" type="list" default="h_menu" label="CAxyz01 Menu Style"><option value="h_menu">Horizontal</option><option value="v_menu">Vertical</option></field><field name="caxyz02ms" type="list" default="h_menu" label="CAxyz02 Menu Style"><option value="h_menu">Horizontal</option><option value="v_menu">Vertical</option></field><field name="caxyz03ms" type="list" default="h_menu" label="CAxyz03 Menu Style"><option value="h_menu">Horizontal</option><option value="v_menu">Vertical</option></field><field name="cbxyz00ms" type="list" default="h_menu" label="CBxyz00 Menu Style"><option value="h_menu">Horizontal</option><option value="v_menu">Vertical</option></field><field name="cbxyz01ms" type="list" default="h_menu" label="CBxyz01 Menu Style"><option value="h_menu">Horizontal</option><option value="v_menu">Vertical</option></field><field name="cbxyz02ms" type="list" default="h_menu" label="CBxyz02 Menu Style"><option value="h_menu">Horizontal</option><option value="v_menu">Vertical</option></field><field name="cbxyz03ms" type="list" default="h_menu" label="CBxyz03 Menu Style"><option value="h_menu">Horizontal</option><option value="v_menu">Vertical</option></field><field name="menums" type="list" default="h_menu" label="Menu Position Menu Style"><option value="h_menu">Horizontal</option><option value="v_menu">Vertical</option></field><field name="faxyz00ms" type="list" default="h_menu" label="FAxyz00 Menu Style"><option value="h_menu">Horizontal</option><option value="v_menu">Vertical</option></field><field name="faxyz01ms" type="list" default="h_menu" label="FAxyz01 Menu Style"><option value="h_menu">Horizontal</option><option value="v_menu">Vertical</option></field><field name="faxyz02ms" type="list" default="h_menu" label="FAxyz02 Menu Style"><option value="h_menu">Horizontal</option><option value="v_menu">Vertical</option></field><field name="faxyz03ms" type="list" default="h_menu" label="FAxyz03 Menu Style"><option value="h_menu">Horizontal</option><option value="v_menu">Vertical</option></field><field name="fbxyz00ms" type="list" default="h_menu" label="FBxyz00 Menu Style"><option value="h_menu">Horizontal</option><option value="v_menu">Vertical</option></field><field name="fbxyz01ms" type="list" default="h_menu" label="FBxyz01 Menu Style"><option value="h_menu">Horizontal</option><option value="v_menu">Vertical</option></field><field name="fbxyz02ms" type="list" default="h_menu" label="FBxyz02 Menu Style"><option value="h_menu">Horizontal</option><option value="v_menu">Vertical</option></field><field name="fbxyz03ms" type="list" default="h_menu" label="FBxyz03 Menu Style"><option value="h_menu">Horizontal</option><option value="v_menu">Vertical</option></field><field name="leftfooterareams" type="list" default="h_menu" label="LeftFooterArea Menu Style"><option value="h_menu">Horizontal</option><option value="v_menu">Vertical</option></field><field name="centerfooterareams" type="list" default="h_menu" label="CenterFooterArea Menu Style"><option value="h_menu">Horizontal</option><option value="v_menu">Vertical</option></field><field name="rightfooterareams" type="list" default="h_menu" label="RightFooterArea Menu Style"><option value="h_menu">Horizontal</option><option value="v_menu">Vertical</option></field></fieldset></fields></config></extension>